Metric,Value
RMSE_mean,1.0120540857315063
RMSE_CI_lower,0.9806215167045593
RMSE_CI_upper,1.04331636428833
Pearson_mean,0.767307698726654
Pearson_CI_lower,0.751684308052063
Pearson_CI_upper,0.7814103960990906
