{
    "train_csv": "/home/neelima_tav/Benchmarking/data/train_52.csv",
    "val_csv": "/home/neelima_tav/Benchmarking/data/val_52.csv",
    "test_csv": "/home/neelima_tav/Benchmarking/data/test_52.csv",
    "output_dir": "moltrans_pkd_results_seed_52",
    "epochs": 100,
    "batch_size": 16,
    "lr": 0.0001,
    "patience": 5,
    "min_delta": 0.001,
    "seed": 52,
    "n_bootstraps": 1000,
    "grad_clip": 1.0,
    "max_skip_ratio": 0.2,
    "best_epoch": 14,
    "best_val_rmse": 1.0148141999086846,
    "test_mse": 1.0241048336029053,
    "test_rmse": 1.0119806488282794,
    "test_pearson_r": 0.7673766613006592,
    "test_pearson_p": 0.0,
    "RMSE_mean": 1.0120540857315063,
    "RMSE_CI_lower": 0.9806215167045593,
    "RMSE_CI_upper": 1.04331636428833,
    "Pearson_mean": 0.767307698726654,
    "Pearson_CI_lower": 0.751684308052063,
    "Pearson_CI_upper": 0.7814103960990906
}