{
    "RMSE": {
        "Mean": 1.2891275486397875,
        "Std": 0.01733507160713087,
        "Lower95": 1.2567019700286852,
        "Upper95": 1.326106527273868
    },
    "MSE": {
        "Mean": 1.6621500408649446,
        "Std": 0.044743438652868096,
        "Lower95": 1.57929984331131,
        "Upper95": 1.75855855345726
    },
    "R2": {
        "Mean": 0.3490916457772255,
        "Std": 0.014165239684810028,
        "Lower95": 0.3209626868367195,
        "Upper95": 0.3752921253442764
    },
    "Pearson": {
        "Mean": 0.5925896301386852,
        "Std": 0.011305355811269999,
        "Lower95": 0.5705538352496115,
        "Upper95": 0.6133546141953695
    }
}