Metric,Value
RMSE_mean,1.3151030540466309
RMSE_CI_lower,1.2825946807861328
RMSE_CI_upper,1.3497679233551025
Pearson_mean,0.6263479590415955
Pearson_CI_lower,0.6041979193687439
Pearson_CI_upper,0.6462656259536743
