{
    "train_csv": "/home/neelima_tav/Benchmarking/data/train_62.csv",
    "val_csv": "/home/neelima_tav/Benchmarking/data/val_62.csv",
    "test_csv": "/home/neelima_tav/Benchmarking/data/test_62.csv",
    "output_dir": "moltrans_pkd_results_seed_62",
    "epochs": 100,
    "batch_size": 16,
    "lr": 0.0001,
    "patience": 5,
    "min_delta": 0.001,
    "seed": 62,
    "n_bootstraps": 1000,
    "grad_clip": 1.0,
    "max_skip_ratio": 0.2,
    "best_epoch": 1,
    "best_val_rmse": 1.3321805182356121,
    "test_mse": 1.728345274925232,
    "test_rmse": 1.314665461220166,
    "test_pearson_r": 0.6263707876205444,
    "test_pearson_p": 0.0,
    "RMSE_mean": 1.3151030540466309,
    "RMSE_CI_lower": 1.2825946807861328,
    "RMSE_CI_upper": 1.3497679233551025,
    "Pearson_mean": 0.6263479590415955,
    "Pearson_CI_lower": 0.6041979193687439,
    "Pearson_CI_upper": 0.6462656259536743
}