epoch,train_rmse,val_rmse,skipped_batches,total_batches,skip_ratio
1,2.519172373364277,1.3321805182356121,0,2156,0.0
2,1.5860074054940512,1.782970267025997,0,2156,0.0
3,1.2914660133158784,32.451313818622005,0,2156,0.0
4,1.18347516628276,72.98219562952495,0,2156,0.0
5,1.1096819804943339,11.154026867846982,0,2156,0.0
6,1.0507454787811232,97.10392306699045,0,2156,0.0
