Metric,Value
RMSE_mean,1.0212461948394775
RMSE_CI_lower,0.9930897951126099
RMSE_CI_upper,1.0511059761047363
Pearson_mean,0.7731544375419617
Pearson_CI_lower,0.7583815455436707
Pearson_CI_upper,0.7880749702453613
