{
    "train_csv": "/home/neelima_tav/Benchmarking/data/train_72.csv",
    "val_csv": "/home/neelima_tav/Benchmarking/data/val_72.csv",
    "test_csv": "/home/neelima_tav/Benchmarking/data/test_72.csv",
    "output_dir": "moltrans_pkd_results_seed_72",
    "epochs": 100,
    "batch_size": 16,
    "lr": 0.0001,
    "patience": 5,
    "min_delta": 0.001,
    "seed": 72,
    "n_bootstraps": 1000,
    "grad_clip": 1.0,
    "max_skip_ratio": 0.2,
    "best_epoch": 25,
    "best_val_rmse": 0.9931053061720261,
    "test_mse": 1.0430874824523926,
    "test_rmse": 1.0213165437083611,
    "test_pearson_r": 0.7729549407958984,
    "test_pearson_p": 0.0,
    "RMSE_mean": 1.0212461948394775,
    "RMSE_CI_lower": 0.9930897951126099,
    "RMSE_CI_upper": 1.0511059761047363,
    "Pearson_mean": 0.7731544375419617,
    "Pearson_CI_lower": 0.7583815455436707,
    "Pearson_CI_upper": 0.7880749702453613
}