Metric,Value
RMSE_mean,0.9877863526344299
RMSE_CI_lower,0.9533591270446777
RMSE_CI_upper,1.0210949182510376
Pearson_mean,0.7877389192581177
Pearson_CI_lower,0.7731213569641113
Pearson_CI_upper,0.8035407662391663
