{
    "train_csv": "/home/neelima_tav/Benchmarking/data/train_32.csv",
    "val_csv": "/home/neelima_tav/Benchmarking/data/val_32.csv",
    "test_csv": "/home/neelima_tav/Benchmarking/data/test_32.csv",
    "output_dir": "moltrans_pkd_results_seed_32",
    "epochs": 100,
    "batch_size": 16,
    "lr": 0.0001,
    "patience": 5,
    "min_delta": 0.001,
    "seed": 32,
    "n_bootstraps": 1000,
    "grad_clip": 1.0,
    "max_skip_ratio": 0.2,
    "best_epoch": 21,
    "best_val_rmse": 0.9686074921171116,
    "test_mse": 0.9765328168869019,
    "test_rmse": 0.9881967500892228,
    "test_pearson_r": 0.7875146865844727,
    "test_pearson_p": 0.0,
    "RMSE_mean": 0.9877863526344299,
    "RMSE_CI_lower": 0.9533591270446777,
    "RMSE_CI_upper": 1.0210949182510376,
    "Pearson_mean": 0.7877389192581177,
    "Pearson_CI_lower": 0.7731213569641113,
    "Pearson_CI_upper": 0.8035407662391663
}