Metric,Value
RMSE_mean,1.066806435585022
RMSE_CI_lower,1.0363192558288574
RMSE_CI_upper,1.0978319644927979
Pearson_mean,0.7461823225021362
Pearson_CI_lower,0.728202760219574
Pearson_CI_upper,0.7624961137771606
