{
    "train_csv": "/home/neelima_tav/Benchmarking/data/train_42.csv",
    "val_csv": "/home/neelima_tav/Benchmarking/data/val_42.csv",
    "test_csv": "/home/neelima_tav/Benchmarking/data/test_42.csv",
    "output_dir": "moltrans_pkd_results_seed_42",
    "epochs": 100,
    "batch_size": 16,
    "lr": 0.0001,
    "patience": 5,
    "min_delta": 0.001,
    "seed": 42,
    "n_bootstraps": 1000,
    "grad_clip": 1.0,
    "max_skip_ratio": 0.2,
    "best_epoch": 8,
    "best_val_rmse": 1.0724023061331256,
    "test_mse": 1.1380101442337036,
    "test_rmse": 1.0667755828822216,
    "test_pearson_r": 0.7462348937988281,
    "test_pearson_p": 0.0,
    "RMSE_mean": 1.066806435585022,
    "RMSE_CI_lower": 1.0363192558288574,
    "RMSE_CI_upper": 1.0978319644927979,
    "Pearson_mean": 0.7461823225021362,
    "Pearson_CI_lower": 0.728202760219574,
    "Pearson_CI_upper": 0.7624961137771606
}